model,measure,lower,median,upper
exp,accuracy,0.5183641788553355,0.5708502583181747,0.613197776853641
exp,time,0.6617285687332792,0.743428459700065,0.7811176421267845
