model,measure,lower,median,upper
exp,accuracy,0.528342503211,0.578471306766,0.619899969897
exp,time,0.711363928828,0.795082560475,0.827185435966
