model,measure,lower,median,upper
exp,accuracy,0.518364178855,0.570850258318,0.613197776854
exp,time,0.661728568733,0.7434284597,0.781117642127
