model,lower,median,upper
bq,95.0561330908,95.2671227486,95.4723164144
bqp,95.0714456363,95.2821226235,95.4870016988
exp,87.9198296417,88.2395770982,88.5543788075
expA,86.1347019111,86.6135571782,87.0829477145
expB,89.4413265937,89.8669249096,90.282205074
gs,99.6865973809,99.9715793973,99.9999386399
hc,59.2236398126,59.7049191245,60.1849557825
oc,99.9937203787,99.9994313346,99.9999987724
th,99.9937203787,99.9994313346,99.9999987724
