model,upper,median,lower
bq,22.408298471,22.5030631892,22.5997445479
bqp,22.470087846,22.5778728751,22.6878335036
exp,2236.89243494,2248.59871806,2260.8066092
expA,2305.48135435,2321.68826108,2338.96292633
expB,2165.00297866,2180.40098818,2196.70636726
gs,722.0,722.0,722.0
hc,18.0471569114,18.1283569138,18.2199425396
oc,13.4998154138,13.6369846623,13.7737649371
th,19.8990104528,20.1434728367,20.3764923344
