model,lower,median,upper
bq,95.0561330908,95.2671227486,95.4723164144
bqp,95.0714456363,95.2821226235,95.4870016988
exp,87.7523483713,88.072731818,88.3882303214
expA,85.9423650187,86.422237405,86.8927643202
expB,89.2963850682,89.7227556964,90.1389330438
gs,99.6865973809,99.9715793973,99.9999386399
hc,59.2236398126,59.7049191245,60.1849557825
oc,99.9937203787,99.9994313346,99.9999987724
th,99.9937203787,99.9994313346,99.9999987724
