model,upper,median,lower
bq,20.5903817131,20.5050034327,20.4177550716
bqp,20.595606294,20.5015467191,20.4089701056
exp,1992.0918436,1981.12279066,1969.35687904
expA,2065.29367116,2046.49371824,2028.61955936
expB,1936.01371802,1921.67025408,1905.27307394
gs,722.0,722.0,722.0
hc,16.7923479193,16.7007740553,16.622323563
oc,6.14947387181,6.05433296715,5.96082388264
th,7.96635564375,7.81696236633,7.68576294333
