model,lower,median,upper
exp,-0.805751793407,-0.75547070353,-0.687836183994
expA,-0.672135187032,-0.540640730376,-0.386868754298
expB,-0.59806480408,-0.463063680019,-0.304430210949
