model,lower,median,upper
exp,0.576716752945,0.663855497176,0.738733667528
expA,0.333892558915,0.503237520836,0.650056066568
expB,-0.0273885678748,0.162784306026,0.342712257886
