model,lower,median,upper
exp,0.567885187703,0.656965166855,0.732048618379
expA,0.357527433966,0.52158642543,0.663589333282
expB,-0.0241950539331,0.163071696902,0.342376073182
