model,lower,median,upper
exp,-0.815430150561,-0.757738003929,-0.682801108061
expA,-0.72317582041,-0.62207201242,-0.499219520456
expB,-0.724668470703,-0.610883496246,-0.470024455915
